customerId,firstName,lastName
1,Dud,Ishak
2,Jolyn,Bragg
3,Sallie,Gaw
4,Belle,De Biasi
5,Bing,Filov
6,West,Douberday
7,Marion,Northridge
8,Hillary,Whittle
9,Standford,Semour
10,Babs,Orridge
11,Arliene,Dunnett
12,Anabal,Bick
13,Thelma,Hoodlass
14,Othello,Sperrett
15,Kristal,Herche
16,Archibaldo,Goldberg
17,Traver,Sutheran
18,Noelani,Baggally
19,Maye,Peetermann
20,Barbara,Coleyshaw
21,Fania,Rewan
22,Wolfgang,Oakes
23,Ade,O' Timony
24,Cherrita,Dyers
25,Ram,Picknett
26,Lauree,Welbelove
27,Christie,Fleischer
28,Winthrop,Hamm
29,Cedric,Thring
30,Lenci,Skipsey
31,Marna,Breen
32,Moss,Doret
33,Goldie,Garland
34,Arlena,Armytage
35,Ianthe,Hamlen
36,Mame,Kenworth
37,Joletta,O'Keefe
38,Demetris,Golby
39,Brianna,Benez
40,Gratia,Mahedy
41,Allissa,Kensall
42,Ingaberg,Laba
43,Glory,Babalola
44,Yorke,Hemms
45,Haskel,Najara
46,Lennie,Portress
47,Fabian,Goodoune
48,Valentin,Lambarton
49,Colas,Abrahamsen
50,Christabella,O'Scully
51,Bennie,Trinke
52,Cristian,Mackleden
53,Rufus,Santello
54,Smith,Songust
55,Jeni,Rodger
56,Constanta,Comiam
57,Burty,Cutbirth
58,Keefer,Caddie
59,Jarib,Ankers
60,Nikita,Rennolds
61,Norris,Millson
62,Tait,O' Culligan
63,Mabel,Ferrarone
64,Shepherd,Doud
65,Alvin,Larmour
66,May,Tellwright
67,Bret,Vallens
68,Gertrudis,Creavan
69,Bev,Bolino
70,Gilberte,Hedgeman
71,Alf,Hacquoil
72,Clemens,Gallager
73,Ezra,Kares
74,Ugo,Coom
75,Arthur,Ruggiero
76,Rockey,Kindall
77,Rurik,Farrear
78,Nichole,Dillow
79,Jorge,Brydie
80,Albrecht,Defries
81,Murvyn,Longstaff
82,Ewan,Crosland
83,Jacynth,Weond
84,Genni,Butt Gow
85,Ardelis,Loyley
86,Sholom,Furtado
87,Hedwig,Linn
88,Rutherford,Blacksell
89,Rice,Scrinage
90,Kerry,Kleynen
91,Deny,Frisel
92,Julee,Chaff
93,Georgie,Eakly
94,Euell,Snoddy
95,Daffie,Jarrold
96,Elysia,Frewer
97,Kimball,Manie
98,Durand,Perell
99,Greta,Haigh
100,Oberon,Worswick
101,Martin,Ridesdale
102,Curcio,Pitherick
103,Sherwynd,Slimings
104,Seumas,Suarez
105,Sisile,Louis
106,Kilian,Pittam
107,Vivyanne,Ashmore
108,Aksel,Hortop
109,Birk,Alves
110,Lauren,Eliesco
111,Eugene,Moyles
112,Karoline,Hourston
113,Stormi,Crowley
114,Daria,Zielinski
115,Selby,Caveney
116,Cooper,Fanthome
117,Valentijn,O'Hollegan
118,Bobbe,O'Moylane
119,Erinna,Raeside
120,Aili,Saiger
121,Chrotoem,de Chastelain
122,Adella,MacCall
123,Leroi,Paulucci
124,Audrie,Barnhill
125,Oswald,Domenget
126,Hagen,Blackston
127,Morris,Ducarne
128,Aarika,Buddle
129,Carolann,Bramwell
130,Marcela,Spencers
131,Dulcine,Honatsch
132,Fons,O'Malley
133,Dimitri,Rasor
134,Leanna,Burwood
135,Frances,Goady
136,Chantal,McCane
137,Lewie,Harness
138,Blinni,Boughey
139,Arluene,Scad
140,Gareth,Shovel
141,Horacio,Bremmell
142,Georgina,Westcot
143,Nari,Chevers
144,Ralina,Hankin
145,Cybill,Lantaff
146,Mac,Warrillow
147,Mitch,MacEllen
148,Meir,Avramov
149,Merrile,Bomb
150,Bathsheba,Waker
151,Sunny,Corhard
152,Shayna,Rappa
153,Zita,Duiguid
154,Franky,Boobier
155,Kristos,Gilhooley
156,Aubert,Thornally
157,Lucretia,Ianno
158,Urban,Whitlow
159,Harold,Rhubottom
160,Catharina,Banville
161,Clerc,Walework
162,Randi,Tonbye
163,Louie,Crosscombe
164,Arch,Shortell
165,Leigh,Privost
166,Nicola,Oakenfall
167,Ira,Gresham
168,Shandie,Slee
169,Archambault,Oscroft
170,Myrwyn,Kiledal
171,Robinett,Hradsky
172,Daniel,Duthy
173,Daveen,D'Errico
174,Jaquelyn,Fer
175,Anallise,Edgerly
176,Hilary,Marcroft
177,Kippar,Butner
178,Brant,Benezeit
179,Rachele,Bissett
180,Moishe,Pridham
181,Bran,Robbey
182,Shawn,Ishaki
183,Killian,Braunfeld
184,Ranee,Aartsen
185,Trudi,Asple
186,Roderich,Hazeup
187,Monroe,Veevers
188,Enriqueta,Costi
189,Patrice,Stadden
190,Sorcha,Alcock
191,Templeton,Foulis
192,Frans,Sellner
193,Marsha,Tulloch
194,Annabela,Cadore
195,Tyrus,Clampin
196,Rheta,Crownshaw
197,Georgy,Nutkin
198,Jakob,Attwoull
199,Lilla,Sackes
200,Charmine,Tremmil
201,Maribelle,Ledington
202,Tyrus,Alvaro
203,Kariotta,Gothliff
204,Dre,Willey
205,Steffane,Silburn
206,Olga,Klimowicz
207,Edward,Heater
208,Felisha,Garn
209,Maryrose,Dicky
210,Connie,Wayon
211,Olga,Fynes
212,Waylin,Rainford
213,Aksel,Glanfield
214,Maryanne,Rothschild
215,Ivor,Miall
216,Veronique,Perrycost
217,Nathanial,Capstake
218,Obadiah,Halley
219,Wald,Golling
220,Gannon,Shaddock
221,Luciano,Eltringham
222,Gustavo,Skpsey
223,Beverlee,Sandaver
224,Jan,Gisburn
225,Kettie,Lewisham
226,Ive,Deller
227,Svend,Hackwell
228,Rockwell,Toft
229,Klaus,Lowson
230,Lily,Josifovitz
231,Bron,Schneider
232,Chen,Tabor
233,Lucilia,Agate
234,Berte,Tibbs
235,Luella,Backshaw
236,Wynn,Littleover
237,Elianore,Tremmel
238,Osbert,Veregan
239,Sheena,Fruchter
240,Byron,Butchard
241,Michel,Peers
242,Darb,Lippi
243,Joelly,Fleckness
244,Alfi,Kemster
245,Omar,McIlwraith
246,Mannie,Greenhaugh
247,Hogan,O'Lahy
248,Con,Bascombe
249,Claudetta,Hallowes
250,Gordon,Greser
251,Cly,Durnan
252,Bertram,Albrooke
253,Florian,Tuckie
254,Adolpho,Purveys
255,Gav,Pippin
256,Catherina,Malicki
257,Rance,Traill
258,Lolita,Abbs
259,Winfield,Brugger
260,Elly,Trazzi
261,Crysta,Kobierski
262,Pietra,Ridett
263,Richy,Ganter
264,Caryl,Bardnam
265,Marget,Onn
266,Kameko,Bulluck
267,Karyn,Ather
268,Hillie,Jessup
269,Kacy,Tomsett
270,Ardra,Huie
271,Chan,Freyn
272,Sergei,Piris
273,Clayborn,Bentjens
274,Sonni,Gyves
275,Marybelle,Kloska
276,Rand,Petrillo
277,Irma,Klesse
278,Abram,McGlew
279,Aldric,Bromont
280,Betty,Craighall
281,Ruggiero,Twidell
282,Kalila,Metzke
283,Torrence,Guillard
284,Mirabelle,Bonder
285,Edgardo,Guillou
286,Flinn,Connerly
287,Faber,Salmond
288,Mercy,Fairburne
289,Ana,Ruthven
290,Maitilde,Heustice
291,Corine,Bolletti
292,Torry,Seagar
293,Xymenes,Mamwell
294,Zeb,Tewes
295,Libbi,Kyttor
296,Zaneta,Yorke
297,Meredith,Staines
298,Syd,Saddler
299,Kinny,Reckhouse
300,Marget,Wilmot
301,Francklin,Barenskie
302,Grata,Bansal
303,Brooks,Headington
304,Sascha,Cornfoot
305,Leonora,Sibille
306,Carol-jean,Pedder
307,Otes,Hammonds
308,Antonio,Leachman
309,Padgett,Fanner
310,Rea,Saunder
311,Courtnay,Reuter
312,Bertine,Ridewood
313,Fredia,Pettiward
314,Ginger,Schelle
315,Briana,Bebbell
316,Emily,Leonarde
317,Hephzibah,Littrell
318,Shirlee,Tansley
319,Krissy,Bockmann
320,Ree,Trattles
321,Sibylla,McRavey
322,Tandie,Greneham
323,Elmira,Penhale
324,Ruthi,Norssister
325,Franklin,McDiarmid
326,Chiquia,Waith
327,Griffin,Cornford
328,Pietrek,Dedham
329,Ninon,Phittiplace
330,Kiah,Meedendorpe
331,Caryl,Hryncewicz
332,Alena,Malthus
333,Rebecka,Balding
334,Sibylla,Buckoke
335,Lilah,Rentz
336,Georgetta,Iacomini
337,Joy,Bellany
338,Mozes,Edlyne
339,Wildon,Plewes
340,Wrennie,Bateman
341,Bennie,Godfrey
342,Waverly,Grosvener
343,Meggi,Stoffel
344,Web,Nials
345,Karol,Ellerby
346,Pauly,Mityushkin
347,Joann,Aspel
348,Alisa,Gaither
349,Celestyn,Strover
350,Murdock,Aiston
351,Ulla,Rocks
352,Rafaello,Rouchy
353,Tonye,Corley
354,Cathlene,Caw
355,Corrie,enzley
356,Napoleon,Lugton
357,Essy,Reisk
358,Rey,Flood
359,Demetria,Sedgwick
360,Rheta,Salvage
361,Emmett,Challice
362,Dix,Calderhead
363,Vania,Craythorn
364,Myra,Pirouet
365,Anatol,Kinze
366,Isidore,Bezants
367,Saree,Bolletti
368,Salim,Lelievre
369,Culley,Malyon
370,Baxie,Licciardi
371,Sig,Longworthy
372,Any,Comford
373,Devonna,Benedek
374,Burton,Whorton
375,Sig,Wilshin
376,Rhoda,Dawkins
377,Alene,Fisher
378,Elie,Missen
379,Emmi,Widocks
380,Jana,Jessett
381,Wilbert,Rakes
382,Genvieve,Bisco
383,Jany,Meaney
384,Mair,Fernihough
385,Tove,Bonehill
386,Hyacinthia,Sturney
387,Rowland,Slad
388,Alonzo,Persent
389,Linc,Godridge
390,Rabbi,Cammocke
391,Selene,Corness
392,Payton,Hedan
393,Giorgia,Baldry
394,Connie,Mattacks
395,Quill,Davidovicz
396,Vi,Galbraeth
397,Clementia,Barwick
398,Adore,Gartell
399,Milicent,Cullerne
400,Pippa,Cousin
401,Marin,Pauer
402,Gabi,Downse
403,Chad,Freer
404,Kelsi,Smalecombe
405,Larissa,Rubes
406,Octavia,Oag
407,Efrem,Hawtrey
408,Rod,MacCombe
409,Neilla,Snalum
410,Justis,Stanistreet
411,Krishnah,Allibon
412,Nata,Ruspine
413,Antoinette,Pharro
414,Karilynn,Vousden
415,Thaxter,Sisnett
416,Bibbie,Few
417,Hilly,Saich
418,Dulcia,McIlheran
419,Maje,Astles
420,Goddard,Cuttell
421,Jackelyn,Vondruska
422,Roxana,Aish
423,Rubetta,Aireton
424,Eugenio,Aymeric
425,Doralynn,Yushin
426,Ole,Caesman
427,Rina,Vawton
428,Eleanor,Askie
429,Parsifal,Jellett
430,Marjory,Josifovic
431,Abigael,Hoodless
432,Jourdan,Liddle
433,Cordy,Randalson
434,Percival,Cello
435,Clarissa,Stansbie
436,Wallis,Gregoletti
437,Winfield,Licence
438,Lou,De Winton
439,Natale,Rodway
440,Kristina,Woodrow
441,Eberhard,Brough
442,Jakob,Hanscomb
443,Charlotta,Romanin
444,Jourdain,Soltan
445,Job,Adrien
446,Peder,Allenson
447,Orella,Housego
448,Ethan,McKeeman
449,Domeniga,Mancell
450,Padgett,Brudenell
451,Dedra,Bickardike
452,Florinda,Denacamp
453,Mal,Ousbie
454,Julina,Troughton
455,Donall,Campo
456,Sophronia,Mallinson
457,Dion,Craddock
458,Shirline,Bramley
459,Nicol,Lockhart
460,Ruthanne,Pleven
461,Gilbertine,Linney
462,Codi,Varley
463,Elinore,Bavage
464,Clo,Naismith
465,Gherardo,Gatecliff
466,Dermot,Adamowitz
467,Monroe,Stit
468,Kimbra,Figurski
469,Niven,Annes
470,Alfy,Gissing
471,Llywellyn,Melia
472,Maure,Shankland
473,Rikki,Sainthill
474,Faustine,Mattingly
475,Daisie,Hullot
476,Adrien,O'Keefe
477,Janna,MacNockater
478,Rozele,Eouzan
479,Jodi,Trowel
480,Barclay,Branca
481,Horatio,McEvay
482,Rosanna,O'Gormally
483,Wenonah,Pree
484,Grange,Gate
485,Pace,Ragot
486,Merridie,Chessell
487,Conchita,Espinho
488,Cassaundra,Spier
489,Dareen,Winn
490,Chic,Echalie
491,Pamelina,Talks
492,Vladimir,Bremen
493,Moore,Keemer
494,Isabelita,Hauger
495,Ellis,McTrustie
496,Chrissie,Scawton
497,Beverley,Neesham
498,Verge,Buxsey
499,Edd,Bartalin
500,Alessandra,Withey
501,Tally,Ruse
502,Esme,Fliege
503,Vallie,Tassaker
504,Anett,Hedger
505,Hestia,Casine
506,Gabie,Dungee
507,Brandon,Rawdall
508,Lisle,Olliar
509,Hiram,Reen
510,Brnaba,Chazerand
511,Diarmid,Gras
512,Marylou,Aneley
513,Beverlie,Achrameev
514,Hansiain,Danielsson
515,Emerson,Orrin
516,Aura,Danilovitch
517,Umeko,Hudleston
518,Maggi,Chippendale
519,Butch,Rubenfeld
520,Tobey,Desborough
521,Shaine,Svanini
522,Samuel,Cescot
523,Jethro,Wildish
524,Brianne,Ellerman
525,Ragnar,Davidoff
526,Judd,Frackiewicz
527,Monte,Stuckley
528,Sean,Roskrug
529,Jacki,Loyns
530,Van,Bau
531,Salvidor,Schubuser
532,Aili,Curmi
533,Mohandas,Collis
534,Dallas,Ateggart
535,Conrad,Muscott
536,Amitie,Woodworth
537,Pandora,Guilloton
538,Hardy,Prati
539,Kirk,Koppes
540,Ginny,Vankov
541,Roland,Rubinshtein
542,Tabbatha,Sirrell
543,Rory,Orton
544,Veda,Kennington
545,Brantley,Doige
546,Timmie,Cheasman
547,Yuri,Mandifield
548,Bailie,Eastmond
549,Maurie,Ciccetti
550,Felipa,Barker
551,Marnia,Simonini
552,Quinton,Lawrenceson
553,Isak,Bywaters
554,Happy,Tattershall
555,Therine,Housegoe
556,Carlin,Smallsman
557,Thacher,Uglow
558,Skylar,Reinisch
559,Chandal,Guilbert
560,Chase,Oakland
561,Dagny,Cardon
562,Gweneth,Labbez
563,Khalil,Keneforde
564,Hillier,Cella
565,Rubetta,McKeowon
566,Olivette,Fransseni
567,Maitilde,Sacase
568,Alexia,Darcy
569,Alleen,Aldridge
570,Aeriela,Randles
571,Norton,Geard
572,Keene,Boon
573,Zsazsa,Geggie
574,Brooke,Matzke
575,Julie,Royste
576,Corbie,Noke
577,Nonah,Ryland
578,Tasha,Saffin
579,Brynna,Diben
580,Ernaline,Comolli
581,Ray,Pascall
582,Shandy,Le Barr
583,Rosana,Spadaro
584,Dennis,Shawell
585,Devondra,Rosenthal
586,Montague,Bleackley
587,Seth,Kliemchen
588,Aubry,Eim
589,Leupold,Platt
590,Lombard,Streets
591,Kati,Boulder
592,Maggee,Hunnaball
593,Jonis,Trowell
594,Jehanna,Vint
595,Kaycee,Krook
596,Ulberto,Gwin
597,Trumaine,Franzotto
598,Winnifred,Raspel
599,Ladonna,Agglio
600,Jonie,Greally
601,Pooh,Jori
602,Meier,Morgan
603,Cherise,Roback
604,Odille,Groarty
605,Eolande,Tommis
606,Wittie,Handrek
607,Justin,Whatham
608,Sibby,Sarjent
609,Tiffany,Frondt
610,Foster,Ranklin
611,Lombard,Kebbell
612,Damaris,Saiger
613,Rufe,Bilbery
614,Cosme,Alan
615,Armstrong,Buckenhill
616,Christi,Warsap
617,Margi,Walsh
618,Georgianne,Halladay
619,Averell,Sutherington
620,Carlene,Ruddy
621,Yuri,Lodevick
622,Inez,Mandres
623,Prentice,Streeter
624,Truman,Danielli
625,Wylma,Farman
626,Brandea,Lacoste
627,Tanya,Broadbere
628,Stavro,Donaldson
629,Peirce,Frankum
630,Bambi,Keeley
631,Margaretha,Dunlop
632,Corby,Wince
633,Elia,Newdick
634,Waite,McFadden
635,Salvador,Orum
636,Ira,Lewsley
637,Aleda,Rive
638,Chrissy,Molesworth
639,Tasia,Eckery
640,Windy,Jouaneton
641,Sadella,Buntain
642,Lombard,Jelphs
643,Mohandis,Westover
644,Winny,Meenehan
645,Yasmeen,Bartel
646,Loraine,Katte
647,Alvin,Farries
648,Silvia,Mazzilli
649,Arabelle,Dury
650,Babara,Headly
651,Ashli,Keaveney
652,Lenci,Murdy
653,Felizio,Klyn
654,Priscella,Twede
655,Peggy,Bosnell
656,Lorianne,McNirlan
657,Louis,Burnyeat
658,Hort,Banke
659,Todd,Frankling
660,Artair,Pallis
661,Rochelle,Creeboe
662,Philbert,Pickering
663,Corey,Severy
664,Carmita,Enos
665,Hale,Winskill
666,Sisely,Paris
667,Birgitta,Tournie
668,Harper,Baxstare
669,Deedee,Biggins
670,Wallas,Spurdens
671,Myrlene,Cogley
672,Carlyn,Geroldini
673,Amargo,Cheatle
674,Chandra,Hawney
675,Jens,Mannock
676,Ennis,Staneland
677,Shani,Astley
678,Trish,Pinfold
679,Susannah,Strangwood
680,Justino,McKeney
681,Milton,Egan
682,Katrine,Troop
683,Marcella,Pankethman
684,Ferdie,Wipfler
685,Ransom,Gianilli
686,Emelen,Fanner
687,Christel,Franey
688,Elaine,Collymore
689,Ella,Fitchett
690,Lyda,Bessey
691,Wat,Lippini
692,Selena,Merrington
693,Gaspar,Garton
694,Kandace,Shalloe
695,Vanda,Peartree
696,Carmelle,Bawdon
697,Raviv,Liverseege
698,Paton,Medlin
699,Janet,Tomasello
700,Jaimie,Waggatt
701,Yevette,Skeats
702,Abbey,Huggard
703,Bartlett,Mawman
704,Amelita,Nyland
705,Gal,Maciunas
706,Gil,Bazeley
707,Margette,Harly
708,Shandeigh,Strelitzer
709,Paco,Webburn
710,Farlee,Clemo
711,Haroun,Millier
712,Perice,Pentony
713,Starr,Feild
714,Fancy,Soall
715,Sapphire,Picker
716,Win,Wraight
717,Clerissa,McGilbon
718,Francesca,Jacobson
719,Shaylah,Trammel
720,Linnea,Batalini
721,Vina,Enderby
722,Olivier,Doyland
723,Adore,Spratt
724,Aurea,Wodeland
725,Derril,Pattlel
726,Suzy,Herreran
727,Alisander,Laffling
728,Matthias,Cissen
729,Skylar,Wibrew
730,Jermaine,Birney
731,Aleece,Boskell
732,Agneta,Billitteri
733,Deck,Anthon
734,Sosanna,Ockland
735,Aida,Crutchley
736,Cally,Blaszczyk
737,Antonino,Caselick
738,Maryrose,MacTrustrie
739,Dalt,Neno
740,Duke,Mordecai
741,Cheslie,Gunnell
742,Leupold,Bouzek
743,Dela,Rudram
744,Aggy,Cobley
745,Stefano,Dowdell
746,Bernardine,Tanton
747,Thomasin,Burgott
748,Russell,Baud
749,Dame,Lippett
750,Lorry,Eton
751,Mariann,Barks
752,Gordie,Montel
753,Dory,Percy
754,Kore,Santry
755,Aldus,Fortin
756,Bowie,Garrould
757,Gunner,Shayes
758,Juliet,De Zamudio
759,Elsi,Philpotts
760,Homerus,Zaple
761,Crichton,Rigglesford
762,Langsdon,Crocker
763,Con,Duberry
764,Tymothy,Donn
765,Farrand,Bleakley
766,Fidelia,Angove
767,Anders,Bowe
768,Madelin,Guly
769,Merrilee,Hilling
770,Phyllida,Frostdicke
771,Andie,Dinnage
772,Ninette,Fayne
773,Meir,Simants
774,Bennett,Penketh
775,Katrinka,Burry
776,Wallis,Paula
777,Paola,Dalgarno
778,Joby,Bagniuk
779,Francklyn,Huttley
780,Alecia,Simonnot
781,Michaeline,Caldera
782,Sapphire,Chaffyn
783,Zach,Bettesworth
784,Sibley,Gillard
785,Reggis,Shale
786,Lisle,Ewell
787,Kirstyn,Whitmell
788,Davis,Bennit
789,Grayce,Zoellner
790,Dee dee,Burney
791,Bonny,Mackley
792,Harley,Verbeke
793,Melisandra,Sapshed
794,Berti,Fragino
795,Tynan,Winsbury
796,Eda,Planks
797,Maryrose,Rounding
798,Paula,Renner
799,Celia,Matchett
800,Leslie,Ludovico
801,Florida,Rraundl
802,Mervin,Cossentine
803,Cyndy,Cogzell
804,Rosalind,Biswell
805,Evin,Edgeworth
806,Murdoch,Harmstone
807,Rasla,Clement
808,Bartholomew,Bruyett
809,Ramona,Tenney
810,Guinna,Ulyat
811,Mildrid,Dallan
812,Thomasa,Parkin
813,Ernaline,Vegas
814,Thaddeus,Sapsforde
815,Graehme,Shalliker
816,Vidovic,Dwight
817,Bastien,Burgoine
818,Giles,Carmont
819,Friedrich,Charte
820,Shelley,Blowen
821,Lindsay,Sinton
822,Sarene,Costanza
823,Adan,Kix
824,Winny,Drowsfield
825,Myriam,Jewess
826,Orson,Skinn
827,Osbourn,Macci
828,Wendye,McErlaine
829,Maurise,O'Towey
830,Hester,Heindrick
831,Lela,Abrahamian
832,Lanie,Allwright
833,Shem,Tomik
834,Natasha,Marcroft
835,Lance,Renol
836,Saba,Freegard
837,Calida,Riepl
838,Delly,Ching
839,Mariel,Dominetti
840,Ingamar,MacAlpyne
841,Antons,Coate
842,Darcey,Brattell
843,Berti,Kleimt
844,Coop,Gabites
845,Caren,Plevey
846,Cecilla,Ianitti
847,Lauree,Le Gassick
848,Drusi,Muckart
849,Trstram,Boshard
850,Tanney,Ornillos
851,Jemmy,Shadfourth
852,Starlin,Seide
853,Tawnya,Rosie
854,Oates,Lille
855,Ali,Goudge
856,Cinda,Kenright
857,Dodie,Lackemann
858,Durand,Bradnock
859,Lianne,Scampion
860,Antonin,Tovey
861,Sherrie,Ivanisov
862,Whitney,Lanigan
863,Davide,Vallerine
864,Morgana,Thrift
865,Katerine,Scullion
866,Bryce,Deener
867,Maurise,Leason
868,Lyndy,Ivanonko
869,Ruthann,Hullbrook
870,Joletta,Tytcomb
871,Hayden,Olyunin
872,Florence,Ferriday
873,Kristopher,Frediani
874,Ruth,Hryniewicz
875,Granger,Gridley
876,Catrina,Millwater
877,Mala,Gomez
878,Hetti,Klimontovich
879,Randall,McBain
880,Lorianna,Van Niekerk
881,Gerianna,Ahren
882,Ferguson,Burnhard
883,Seumas,De Bruijn
884,Olivie,Corris
885,Allen,Igoe
886,Cindelyn,Matzkaitis
887,Saba,Withrop
888,Noelle,Olerenshaw
889,Thain,Guiraud
890,Sisile,Cordova
891,Evonne,Aspinell
892,Lynn,Wilber
893,Dorolisa,Kinsett
894,Kelley,Merit
895,Jocelyne,Lewisham
896,Georg,Fitter
897,Ralph,Chedgey
898,Jere,Pencost
899,Alyce,Eggerton
900,Reed,Matantsev
901,Benoite,Steffans
902,Hedi,Attiwill
903,Sarita,Walesa
904,Berne,Kasting
905,Scarlet,Bowller
906,Joni,Gomez
907,Jeralee,Joicey
908,Liuka,Stoaks
909,Merrilee,Torrijos
910,Rena,Ferencz
911,Rowney,Croxall
912,Jefferey,Peschka
913,Eyde,Bickerstasse
914,Jehu,Vivash
915,Hilly,Semper
916,Brock,Dearlove
917,Davin,Cavanaugh
918,Cindy,Talbot
919,Ellie,Skewes
920,Lissi,Book
921,Joey,Stearn
922,Robbert,Pleven
923,Mickey,Astridge
924,Cam,Welbourn
925,Gayleen,De Souza
926,Sibelle,Beautyman
927,Ambrosio,Morit
928,Elvis,Hollows
929,Alicia,Stirling
930,Carlita,Meiningen
931,Jessamyn,Goodnow
932,Romonda,Daudray
933,Odille,Gault
934,Laurella,Cleland
935,Leda,Olivet
936,Che,Papis
937,Felicle,Few
938,Aron,Sedge
939,Renata,O'Fallon
940,Tressa,Battye
941,Nathanil,Monteith
942,Codee,Prestidge
943,Powell,Aspole
944,Evey,Shale
945,Cassie,Spaven
946,Mirella,Coots
947,Welsh,Edleston
948,Maryl,Branford
949,Charley,Millis
950,Joanne,Wolverson
951,Caria,Horsefield
952,Woody,Caffrey
953,Myrwyn,Cuerdall
954,William,O' Sullivan
955,Wayland,Bourton
956,Baxy,Aleksashin
957,Faunie,Sheering
958,Nellie,Haslum
959,Nathalia,Raddin
960,Conchita,Birt
961,Anthia,O'Skehan
962,Dotti,Marsie
963,Eolanda,Kiossel
964,Luci,Havis
965,Claudie,Canto
966,Davin,Rapley
967,Hartwell,Keigher
968,Arlen,Vispo
969,Giffie,Picardo
970,Payton,Ledur
971,Ketti,Merricks
972,Maddy,Kiehne
973,Broddy,Corkel
974,Guglielma,Cropper
975,Ulrich,Dursley
976,Paco,Bowcock
977,Bernette,Greste
978,Evin,Kuschke
979,Torie,Comben
980,Myrtie,Canning
981,Odessa,Johncey
982,Tanitansy,Drakeford
983,Queenie,Pieracci
984,Ervin,Casbon
985,Mendy,Bourthouloume
986,Martica,Halvosen
987,Antonietta,Taaffe
988,Kim,Lapworth
989,Dave,Milmoe
990,Marcellus,Zottoli
991,Bernette,Desvignes
992,Adey,Jermyn
993,Joe,Gwillyam
994,Patricio,Davidovic
995,Arleen,Pontain
996,Jenni,Doberer
997,Eveleen,Buncher
998,Waldemar,Oslar
999,Mikaela,Morrel
1000,Pryce,Petrik
